﻿{"cameraMode":{"drawMode":0,"name":"Shaded","section":"Shading Mode"},"sceneLighting":false,"audioPlay":false,"sceneViewState":{"showFog":true,"showMaterialUpdate":false,"showSkybox":true,"showFlares":true,"showImageEffects":true,"showParticleSystems":true},"in2DMode":false,"pivot":{"x":157.46240234375,"y":74.89544677734375,"z":2.74072265625},"rotation":{"x":-0.007808858994394541,"y":-0.015901580452919008,"z":0.00012427876936271787,"w":-0.9998430609703064},"size":342.1718444824219,"orthographic":false}