﻿{"cameraMode":{"drawMode":0,"name":"Shaded","section":"Shading Mode"},"sceneLighting":false,"audioPlay":false,"sceneViewState":{"showFog":true,"showMaterialUpdate":false,"showSkybox":true,"showFlares":true,"showImageEffects":true,"showParticleSystems":true},"in2DMode":false,"pivot":{"x":52.38200759887695,"y":30.550491333007814,"z":0.0},"rotation":{"x":-0.007808858994394541,"y":-0.015901580452919008,"z":0.00012427876936271787,"w":-0.9998430609703064},"size":635.0599365234375,"orthographic":false}