﻿{"cameraMode":{"drawMode":0,"name":"Shaded","section":"Shading Mode"},"sceneLighting":false,"audioPlay":false,"sceneViewState":{"showFog":true,"showMaterialUpdate":false,"showSkybox":true,"showFlares":true,"showImageEffects":true,"showParticleSystems":true},"in2DMode":false,"pivot":{"x":108.45137023925781,"y":-51.545654296875,"z":-5.49835205078125},"rotation":{"x":-0.030304837971925737,"y":-0.005400223191827536,"z":0.00016381657042074949,"w":-0.9995260834693909},"size":321.7364807128906,"orthographic":false}