﻿{"cameraMode":{"drawMode":0,"name":"Shaded","section":"Shading Mode"},"sceneLighting":true,"audioPlay":false,"sceneViewState":{"showFog":true,"showMaterialUpdate":false,"showSkybox":true,"showFlares":true,"showImageEffects":true,"showParticleSystems":true},"in2DMode":false,"pivot":{"x":-123.21839141845703,"y":11.80401611328125,"z":368.06402587890627},"rotation":{"x":0.08121274411678314,"y":-0.014323041774332524,"z":0.0011672736145555974,"w":0.996593177318573},"size":534.9727172851563,"orthographic":false}