﻿{"cameraMode":{"drawMode":0,"name":"Shaded","section":"Shading Mode"},"sceneLighting":false,"audioPlay":false,"sceneViewState":{"showFog":true,"showMaterialUpdate":false,"showSkybox":true,"showFlares":true,"showImageEffects":true,"showParticleSystems":true},"in2DMode":false,"pivot":{"x":136.79998779296876,"y":78.59999084472656,"z":0.0},"rotation":{"x":-0.007808858994394541,"y":-0.015901580452919008,"z":0.00012427876936271787,"w":-0.9998430609703064},"size":251.07139587402345,"orthographic":false}